shijian0,诗笺#0
shijian1,诗笺#1
shijian2,诗笺#2
shijian3,诗笺#3
shijian4,诗笺#4
shijian5,诗笺#5
shijian6,诗笺#6
shijian7,诗笺#7
shijian8,诗笺#8
shijian9,诗笺#9
alpa,录音笔Alpa
Yshanfeng,【录音】山风
922alice,周边·判定线抱枕
7huizhang,第七小队徽章
Yhuoguo,【录音】火锅
Ysleep,【录音】睡眠
Ysnow,【录音】踩雪
trophon,两用摩托Trophon
cookies,空投小饼干
flute,梆笛
Yhuangying,【录音】黄莺亮翅
shushekey,宿舍钥匙
deemoangle,魇魉角
electicgun,电磁霰弹枪
yulou,鱼篓
Yyuxi,【录音】鱼戏
hairtheo,发
Yblackhole,【录音】黑洞
Mzhiqiu,【影像】脂球
jinnang,锦囊
binghaofu,病号服
mopeknife,花柄小刀
Mshenjing,【影像】深井
Ylight,【录音】光
saturn,登入权限：土星
327,0327围剿令
377,魇皮纸377
meishihui,冰川美食汇
mope1,收容报告·小报
mope2,收容报告·红色蝴蝶结
mope3,收容报告·陶土花盆
mope4,收容报告·裙底之物
B17treature,公告·十七的宝藏
gugugou,鸽子集结号
jixiangruyi,三尾吉祥鱼
nazotiaozhan,给十七的挑战书
kaoquanya,烤 全 鸭
younggino,警长证
Mtowersakura,【影像】塔
Mxiabug,【影像】现场勘验报告·夏草
starshitsnow,星星的碎片·冬
listentomyradio,收音机
Ytaipingpingpang,【录音】太平鼓
magicballball,魔术棒
shihaungzhelingpai,拾荒者令牌
hoodoomap,石林地图
Yjiaohuachicken,【录音】叫花鸡
greenchicken,绿色变异种
watertower8,【影像】水塔
Ymorningmyworld,【录音】晨
wucaishi,五彩石
rainbowbook,彩虹绘本
metalarm,金属臂
kuxingren,苦杏仁
Mfuliautoshooter,【影像】Fuli Auto Shooter！
bulletboom,巴雷特外壳
fulistructure,Fuli雕像
Mstationkuzumi,【影像】巢栖道站
Mtuya,【影像】涂鸦
hq004chepiao,HQ004班次车票
aiblood,液压剂
justicemao,锚
shijian10,诗笺#10
shijian11,诗笺#11
Mbaolei,【影像】堡垒
chongsheng,重生
poyiARK,破译·望影の方舟Six
poyiIG,破译·Igallta
zhixian10,旁白：忘忧宫
zhixian11,旁白：奥德修斯港
zhixian12,旁白：克洛诺斯
zhixian13,旁白：奇迹之森
zhixian14,旁白：迷宫尽头
lawabofumiele,《拉瓦钵的覆灭》
xuwangzhixia,虚妄之匣
chaozhendong,艾达的超震动小刀
yanjiubonisi,伯尼丝的研究笔记
shenqikuabao,伯尼丝的神奇挎包
yundongxiangji,萨芙的运动相机
dinngxiangshensuo,定向绳索
shenfenzhengjian,身份证件
zhenlizhizhu,真理之珠
qietingqi,窃听器
chuhaijilu,奥德修斯港出海记录
zhipian,纸片
clockparadox,【影像】时钟悖论
93Align,时钟城第93届ALIGN梅花型拉力赛
Kalpa1,今年过节上春晚
Kalpa2,穿越小队少一人
Kalpa3,世界上的另个我
Kalpa4,亲朋好友齐欢聚
Kalpa5,未来降临我身边
Lanota1,破译·最后的音矿
Lanota2,破译·半封信
Lanota3,破译·人偶
Lanota4,破译·委托人
Lanota5,生命之音
Efuliautoshooter,摘录·守护日志·机关枪
shijian12,诗笺#12·战士
shijian13,诗笺#13·夜之歌
shijian14,诗笺#14·橄榄树上
shijian15,诗笺#15·魔术师
shijian16,诗笺#16·流浪人
zhanshi1,战士·一·马
zhanshi2,战士·二·疾驰
zhanshi3,战士·三·喜剧
zhanshi4,战士·四·冰封
zhanshi5,战士·五·起飞
zhanshi6,战士·六·人类
shijian17,诗笺#17 Zer0
shijian18,Poem M2
shijian19,Poem 3ere
shijian20,Poem 4Y0
shijian21,Poem The 5no
uraometeStage,里表舞厅
Ebdrgblue,摘录·碎数研档案·幽蓝国
mimao,迷猫
TubeMaze,管道迷宫
dieyubi,蝶羽笔
jieji111,街机游戏《催眠》
jieji222,街机游戏《瓶瓶罐罐》
jieji333,街机游戏《Phigros》
jiejiwarofrainbow,街机游戏《彩虹之战》
mirrormirror,镜像之镜
maze00096,谜题保管所:00096
youxibi,游戏币
shijian22,诗笺#18 人·影·世
shijian23,诗笺#19  天蓝
shijian24,诗笺#20 戏中
shijian25,Poem Reimei
Spasmodic,破译·Spasmodic
shijian26,诗笺#21 悲惶
shijian27,诗笺#22 自由
lvguanfangka,旅馆房卡
bianqianban,便签板
liusezhihonng,六色之虹
wanguilai,晚归来
yaoxiang,药箱
shanheyebiaoben,山荷叶标本
Mbeipan,【影像】背叛
bulandazishu,布兰达的自述
Ynihongmeishi,【录音】霓虹美食图鉴
guru,尊师古卢
nihon,霓虹
xiaoka,校卡
xuanchuandan,《霓虹之声》宣传单
shetuandaoshiminglu,社团导师名录
kechengbiao,课程表
Mnihongguanyu,【影像】霓虹观雨
baihuaschool,百花教坊
tangshen,糖绳
tuqiu,【影像】土丘
PhigrOSjiu,PhigrOS记录-鸠
PhigrOSgino,PhigrOS记录-吉诺
kenengxing,可能性
landstar67re,路星67-改
shijianbaima,诗笺 白马
shijianjueze,诗笺 抉择
lvchuanbaomu,破译·凌日潮汐
miaohui,庙会
Mlingrichaoxi,【影像】月面之海
Yqiongding,【录音】穹顶
beansshipu,豌豆食谱合集
renwu,公派任务
qiuzhishu,求职书
beanszhongzhi,豌豆种植记录
helpxin,求救信
cronosgugu,克洛诺斯的鸽子
dougeng,豆羹
cizhishu,辞职书
guanzhuang,罐装雪梨膏
tihuandata,替换数据
