shijian0	诗笺#0	1
shijian1	诗笺#1	1
shijian2	诗笺#2	1
shijian3	诗笺#3	1
shijian4	诗笺#4	1
shijian5	诗笺#5	1
shijian6	诗笺#6	1
shijian7	诗笺#7	1
shijian8	诗笺#8	1
shijian9	诗笺#9	1
alpa	录音笔Alpa	7
Yshanfeng	【录音】山风	1
922alice	周边·判定线抱枕	1
7huizhang	第七小队徽章	1
Yhuoguo	【录音】火锅	1
Ysleep	【录音】睡眠	2
Ysnow	【录音】踩雪	1
trophon	两用摩托Trophon	7
cookies	空投小饼干	2
flute	梆笛	2
Yhuangying	【录音】黄莺亮翅	1
shushekey	宿舍钥匙	1
deemoangle	魇魉角	1
electicgun	电磁霰弹枪	1
yulo	鱼篓	1
Yyuxi	【录音】鱼戏	1
hairtheo	发	1
Yblackhole	【录音】黑洞	1
Mzhiqiu	【影像】脂球	1
jinnang	锦囊	2
binghaofu	病号服	1
mopeknife	花柄小刀	1
Mshenjing	【影像】深井	1
Ylight	【录音】光	1
saturn	登入权限：土星	2
327	0327围剿令	1
377	魇皮纸377	2
meishihui	冰川美食汇	4
mope1	收容报告·小报	1
mope2	收容报告·红色蝴蝶结	2
mope3	收容报告·陶土花盆	3
mope4	收容报告·裙底之物	2
B17treature	公告·十七的宝藏	1
gugugou	鸽子集结号	1
jixiangruyi	三尾吉祥鱼	1
nazotiaozhan	给十七的挑战书	2
kaoquanya	烤 全 鸭	1
younggino	警长证	1
Mtowersakura	【影像】塔	1
Mxiabug	【影像】现场勘验报告·夏草	1
starshitsnow	星星的碎片·冬	1
listentomyradio	收音机	4
Ytaipingpingpang	【录音】太平鼓	1
magicballball	魔术棒	1
shihaungzhelingpai	拾荒者令牌	1
hoodoomap	石林地图	1
Yjiaohuachicken	【录音】叫花鸡	1
greenchicken	绿色变异种	1
watertower8	【影像】水塔	1
Ymorningmyworld	【录音】晨	2
wucaishi	五彩石	1
rainbowbook	彩虹绘本	2
metalarm	金属臂	1
kuxingren	苦杏仁	1
Mfuliautoshooter	【影像】Fuli Auto Shooter！	1
bulletboom	巴雷特外壳	1
fulistructure	Fuli雕像	1
Mstationkuzumi	【影像】巢栖道站	2
Mtuya	【影像】涂鸦	1
hq004chepiao	HQ004班次车票	1
aiblood	液压剂	1
justicemao	锚	1
shijian10	诗笺#10	1
shijian11	诗笺#11	1
Mbaolei	【影像】堡垒	1
chongsheng	重生	1
poyiARK	破译·望影の方舟Six	2
poyiIG	破译·Igallta	1
zhixian10	旁白：忘忧宫	1
zhixian11	旁白：奥德修斯港	1
zhixian12	旁白：克洛诺斯	1
zhixian13	旁白：奇迹之森	1
zhixian14	旁白：迷宫尽头	1
lawabofumiele	《拉瓦钵的覆灭》	5
xuwangzhixia	虚妄之匣	3
chaozhendong	艾达的超震动小刀	2
yanjiubonisi	伯尼丝的研究笔记	4
shenqikuabao	伯尼丝的神奇挎包	4
yundongxiangji	萨芙的运动相机	4
dinngxiangshensuo	定向绳索	3
shenfenzhengjian	身份证件	4
zhenlizhizhu	真理之珠	3
qietingqi	窃听器	3
chuhaijilu	奥德修斯港出海记录	3
zhipian	纸片	1
clockparadox	【影像】时钟悖论	1
93Align	时钟城第93届ALIGN梅花型拉力赛	1
Kalpa1	今年过节上春晚	1
Kalpa2	穿越小队少一人	1
Kalpa3	世界上的另个我	1
Kalpa4	亲朋好友齐欢聚	1
Kalpa5	未来降临我身边	1
Lanota1	破译·最后的音矿	1
Lanota2	破译·半封信	1
Lanota3	破译·人偶	1
Lanota4	破译·委托人	1
Lanota5	生命之音	1
Efuliautoshooter	摘录·守护日志·机关枪	5
shijian12	诗笺#12·战士	1
shijian13	诗笺#13·夜之歌	1
shijian14	诗笺#14·橄榄树上	1
shijian15	诗笺#15·魔术师	1
shijian16	诗笺#16·流浪人	1
zhanshi1	战士·一·马	1
zhanshi2	战士·二·疾驰	1
zhanshi3	战士·三·喜剧	1
zhanshi4	战士·四·冰封	1
zhanshi5	战士·五·起飞	1
zhanshi6	战士·六·人类	1
shijian17	诗笺#17 Zer0	1
shijian18	Poem M2	1
shijian19	Poem 3ere	1
shijian20	Poem 4Y0	1
shijian21	Poem The 5no	1
uraometeStage	里表舞厅	5
Ebdrgblue	摘录·碎数研档案·幽蓝国	6
mimao	迷猫	2
TubeMaze	管道迷宫	5
dieyubi	蝶羽笔	3
jieji111	街机游戏《催眠》	1
jieji222	街机游戏《瓶瓶罐罐》	1
jieji333	街机游戏《Phigros》	1
jiejiwarofrainbow	街机游戏《彩虹之战》	3
mirrormirror	镜像之镜	2
maze00096	谜题保管所:00096	3
youxibi	游戏币	3
shijian22	诗笺#18 人·影·世	1
shijian23	诗笺#19  天蓝	1
shijian24	诗笺#20 戏中	1
shijian25	Poem Reimei	1
Spasmodic	破译·Spasmodic	1
shijian26	诗笺#21 悲惶	1
shijian27	诗笺#22 自由	1
lvguanfangka	旅馆房卡	1
bianqianban	便签板	5
liusezhihonng	六色之虹	1
wanguilai	晚归来	1
yaoxiang	药箱	4
shanheyebiaoben	山荷叶标本	1
Mbeipan	【影像】背叛	1
bulandazishu	布兰达的自述	2
Ynihongmeishi	【录音】霓虹美食图鉴	3
guru	尊师古卢	1
nihon	霓虹	4
xiaoka	校卡	1
xuanchuandan	《霓虹之声》宣传单	1
shetuandaoshiminglu	社团导师名录	1
kechengbiao	课程表	1
Mnihongguanyu	【影像】霓虹观雨	1
baihuaschool	百花教坊	1
tangshen	糖绳	1
tuqiu	【影像】土丘	1
PhigrOSjiu	PhigrOS记录-鸠	2
PhigrOSgino	PhigrOS记录-吉诺	1
kenengxing	可能性	1
landstar67re	路星67-改	2
shijianbaima	诗笺 白马	1
shijianjueze	诗笺 抉择	1
lvchuanbaomu	破译·凌日潮汐	6
miaohui	庙会	2
Mlingrichaoxi	【影像】月面之海	1
Yqiongding	【录音】穹顶	1
beansshipu	豌豆食谱合集	1
renwu	公派任务	3
qiuzhishu	求职书	1
beanszhongzhi	豌豆种植记录	3
helpxin	求救信	3
cronosgugu	克洛诺斯的鸽子	3
dougeng	豆羹	1
cizhishu	辞职书	1
guanzhuang	罐装雪梨膏	2
tihuandata	替换数据	4
bassareusEgg	破译·《极星卫》彩蛋	1
ReMobiusi	莫比乌斯的回信	1
Bassareus0	《极星卫》剧本·序	1
Bassareus1	《极星卫》剧本·一	1
Bassareus2	《极星卫》剧本·二	1
Bassareus3	《极星卫》剧本·三	1
Bassareus4	《极星卫》剧本·四	1
Bassareus5	《极星卫》剧本·五	1
Bassareus6	《极星卫》剧本·六	1
Bassareus7	《极星卫》剧本·七	1
Bassareus8	《极星卫》剧本·八	1
Bassareus9	《极星卫》剧本·九	1
Bassareus10	《极星卫》剧本·十	1
Bassareus11	《极星卫》剧本·十一	1
Bassareus12	《极星卫》剧本·十二	1
Bassareus13	《极星卫》剧本·十三	1
Bassareus14	《极星卫》剧本·十四	1
Bassareus15	《极星卫》剧本·十五	1
Bassareus16	《极星卫》剧本·十六	1
Bassareus17	《极星卫》剧本·十七	1
Bassareus18	《极星卫》剧本·十八	1
Bassareus19	《极星卫》剧本·十九	1
Bassareus20	《极星卫》剧本·二十	1
Bassareus21	《极星卫》剧本·二十一	1
Bassareus22	《极星卫》剧本·二十二	1
Bassareus23	《极星卫》剧本·二十三	1
Bassareus24	《极星卫》剧本·二十四	1
Bassareus25	《极星卫》剧本·二十五	1
Bassareus26	《极星卫》剧本·二十六	1
Bassareus27	《极星卫》剧本·二十七	1
Bassareus28	《极星卫》剧本·二十八	1
Bassareus29	《极星卫》剧本·二十九	1
Bassareus30	《极星卫》剧本·三十	1
Bassareus31	《极星卫》剧本·三十一	1
Bassareus32	《极星卫》剧本·三十二	1
Bassareus33	《极星卫》剧本·三十三	1
Bassareus34	《极星卫》剧本·三十四	1
roteano1	摘录·莫比乌斯工作室日志·一	1
rotaeno2	摘录·莫比乌斯工作室日志·二	1
rotaeno3	摘录·莫比乌斯工作室日志·三	1
rotaeno4	隼的行船记录仪·一	1
rotaeno5	隼的行船记录仪·二	1
rotaeno6	隼的行船记录仪·三	1
zhixian20	旁白：造主	1
zhixian21	旁白：心魔	1
zhixian22	旁白：未来	1
zhixian24	旁白：黎明	1
jiezuodedansheng	评《杰作的诞生》	1
Mshiguangdefx	【影像】时光的废墟	1
Mhana	【影像】哈娜	1
xintudoudeyongsheng	致信：土星系统无法注册与故障问题	1
Ychuanjiangwa	【录音】船桨	3
liuqidashengli	PhigrOS记录：路星67大胜利（￣︶￣）↗	5
NeonLED	霓虹灯牌	1
xiusiyangjiaochui	锈色羊角锤	4
thiefmoon	《盗月行》调查报告	1
zhixian31	旁白：流言	1
zhixian33	旁白：怪盗	1
673shijian	673：律动星盗乐行事件 亚空间副本	1
674shijian	673：律动星盗乐行事件 亚空间副本·线索一	2
675shijian	673:律动星盗乐行事件 亚空间副本·线索二	3
baoyouyueliang	报道：《相机里的真假月亮》	1
xuanlvshisha	散文：《有关旋律的哲思》	1
nvhaibieditou	报道：《晒月亮的女孩》	1
Mbolisidexisheng	【影像】拍摄者采访记录存档	1
bayinhe	木质八音盒	1
Mdyjilumeihao	【影像】直播录屏	2
pantaaa	文玩核桃	1
he372bafei	吉克·莱斯波斯-Year372	1
buxutan	报道：《酒吧辩手，市长想谈谈》	3
fuqinkuaishuiba	小说：《困在街道中的老人》	1
nifaxianlgesha	帖子：《天桥东！发现天狗！》	1
Mluolikong	【影像】街头的Fuli	1
liangzitbzz	量子同步终端	3
miaomiaocha	喵喵茶	1
heiyueliaoyangyuan	黑月疗养院员工需知	3
beardoll	小熊娃娃	3
lokiworld	影像带：《洛基的世界》	5
lokiworldre	报道：《洛基的世界影评》	1
abaaba1	【影像】日蚀之月	1
botiqieli	波提切利原型机	4
paradigm1	观察记录：雪	1
paradigm2	观察记录：像	1
paradigm3	观察记录：友	1
paradigm4	观察记录：痕	1
investigatewuxiang	档案·无相乡调查报告	1
